timestamp,image_path
2024-07-21 21:04:46,images/black.png
2024-07-21 21:05:00,images/black.png
2024-07-21 21:05:13,images/comic-effect3.png
2024-07-21 21:05:37,images/black.png
2024-07-21 21:05:50,images/comic-effect3.png
2024-07-21 21:05:55,images/black.png
2024-07-21 21:07:22,images/comic-effect2.png
2024-07-21 21:07:22,images/black.png
2024-07-21 21:07:34,images/comic-effect8.png
2024-07-21 21:07:41,images/black.png
2024-07-21 21:07:46,images/comic-effect3.png
2024-07-21 21:07:51,images/black.png
2024-07-21 21:08:02,images/comic-effect14.png
2024-07-21 21:08:05,images/black.png
2024-07-21 21:08:11,images/comic-effect2.png
2024-07-21 21:08:12,images/black.png
2024-07-21 21:08:23,images/comic-effect8.png
2024-07-21 21:08:36,images/black.png
2024-07-21 21:08:48,./images/comic-effect1.png
2024-07-21 21:08:49,images/black.png
2024-07-21 21:08:57,images/comic-effect4.png
2024-07-21 21:09:01,images/black.png
2024-07-21 21:09:11,./images/comic-effect1.png
2024-07-21 21:09:13,images/black.png
2024-07-21 21:09:36,./images/comic-effect1.png
2024-07-21 21:09:37,images/black.png
2024-07-21 21:11:06,images/comic-effect3.png
2024-07-21 21:11:08,images/black.png
2024-07-21 21:11:22,images/comic-effect9.png
2024-07-21 21:11:27,images/black.png
2024-07-21 21:12:35,images/comic-effect3.png
2024-07-21 21:13:18,images/black.png
2024-07-21 21:14:14,images/comic-effect8.png
2024-07-21 21:14:18,images/black.png
2024-07-21 21:15:24,images/comic-effect9.png
2024-07-21 21:15:28,images/black.png
2024-07-21 21:15:36,images/comic-effect4.png
2024-07-21 21:15:44,images/black.png
2024-07-21 21:16:17,images/comic-effect10.png
2024-07-21 21:16:18,images/black.png
2024-07-21 21:16:24,images/comic-effect2.png
2024-07-21 21:16:27,images/black.png
2024-07-21 21:16:29,./images/comic-effect1.png
2024-07-21 21:16:31,images/black.png
2024-07-21 21:16:39,images/comic-effect8.png
2024-07-21 21:16:43,images/black.png
2024-07-21 21:16:51,images/comic-effect8.png
2024-07-21 21:17:08,images/comic-effect2.png
2024-07-21 21:17:11,images/black.png
2024-07-21 21:17:54,images/comic-effect7.png
2024-07-21 21:17:58,images/black.png
2024-07-21 21:18:02,images/comic-effect14.png
2024-07-21 21:18:05,images/black.png
